{"params": {"d_ff": [256, 512, 1024], "Nx": [4, 6], "n_head": [2], "dropout": [0.1, 0.2], "lr": [7.500000000000001e-05, 0.0005, 0.00025]}, "best_params": [{"d_ff": 512, "Nx": 6, "n_head": 2, "dropout": 0.1, "lr": 0.0005}]}